user,location,timezone,loc,text
876287375797764096,,,,RT @BarackObama: Michelle and I are delighted to congratulate Prince Harry and Meghan Markle on their engagement. We wish you a lifetime of‚Ä¶
331435525,DETROIT,Indiana (East),,RT @BarackObama: Michelle and I are delighted to congratulate Prince Harry and Meghan Markle on their engagement. We wish you a lifetime of‚Ä¶
1967749477,"Caracas, Venezuela",Pacific Time (US & Canada),,RT @BarackObama: Michelle and I are delighted to congratulate Prince Harry and Meghan Markle on their engagement. We wish you a lifetime of‚Ä¶
3242570773,"Atlanta, GA",Pacific Time (US & Canada),,RT @BarackObama: Michelle and I are delighted to congratulate Prince Harry and Meghan Markle on their engagement. We wish you a lifetime of‚Ä¶
930211202894041088,,,,RT @BarackObama: Michelle and I are delighted to congratulate Prince Harry and Meghan Markle on their engagement. We wish you a lifetime of‚Ä¶
855545310944296960,"Atlanta, GA",Pacific Time (US & Canada),,RT @BarackObama: Michelle and I are delighted to congratulate Prince Harry and Meghan Markle on their engagement. We wish you a lifetime of‚Ä¶
3067711177,,,,RT @BarackObama: Michelle and I are delighted to congratulate Prince Harry and Meghan Markle on their engagement. We wish you a lifetime of‚Ä¶
2717146019,"Orcutt, CA",,,RT @BarackObama: Michelle and I are delighted to congratulate Prince Harry and Meghan Markle on their engagement. We wish you a lifetime of‚Ä¶
2499404185,,,,RT @BarackObama: Michelle and I are delighted to congratulate Prince Harry and Meghan Markle on their engagement. We wish you a lifetime of‚Ä¶
595195737,,,,RT @BarackObama: Michelle and I are delighted to congratulate Prince Harry and Meghan Markle on their engagement. We wish you a lifetime of‚Ä¶
355562621,,,,RT @BarackObama: Michelle and I are delighted to congratulate Prince Harry and Meghan Markle on their engagement. We wish you a lifetime of‚Ä¶
604500229,houston tx,Arizona,,RT @BarackObama: Michelle and I are delighted to congratulate Prince Harry and Meghan Markle on their engagement. We wish you a lifetime of‚Ä¶
891067632631169024,The Sea,,,RT @BarackObama: Michelle and I are delighted to congratulate Prince Harry and Meghan Markle on their engagement. We wish you a lifetime of‚Ä¶
721439436882472960,I dont even know no more ,,,RT @BarackObama: Michelle and I are delighted to congratulate Prince Harry and Meghan Markle on their engagement. We wish you a lifetime of‚Ä¶
2921009586,,,,RT @BarackObama: Michelle and I are delighted to congratulate Prince Harry and Meghan Markle on their engagement. We wish you a lifetime of‚Ä¶
390505309,lawrence MA,Atlantic Time (Canada),,RT @BarackObama: Michelle and I are delighted to congratulate Prince Harry and Meghan Markle on their engagement. We wish you a lifetime of‚Ä¶
203430164,Nigeria,,,RT @BarackObama: Michelle and I are delighted to congratulate Prince Harry and Meghan Markle on their engagement. We wish you a lifetime of‚Ä¶
344686533,,Quito,,RT @BarackObama: Michelle and I are delighted to congratulate Prince Harry and Meghan Markle on their engagement. We wish you a lifetime of‚Ä¶
926863530711711744,France,,,RT @BarackObama: Michelle and I are delighted to congratulate Prince Harry and Meghan Markle on their engagement. We wish you a lifetime of‚Ä¶
3032084411,"Plainfield, IL",Pacific Time (US & Canada),,RT @BarackObama: Michelle and I are delighted to congratulate Prince Harry and Meghan Markle on their engagement. We wish you a lifetime of‚Ä¶
853468452,,Pacific Time (US & Canada),,RT @BarackObama: Michelle and I are delighted to congratulate Prince Harry and Meghan Markle on their engagement. We wish you a lifetime of‚Ä¶
3047474591,,,,RT @BarackObama: Michelle and I are delighted to congratulate Prince Harry and Meghan Markle on their engagement. We wish you a lifetime of‚Ä¶
270711297,"Thornton, CO",,,RT @BarackObama: Michelle and I are delighted to congratulate Prince Harry and Meghan Markle on their engagement. We wish you a lifetime of‚Ä¶
444015201,,Paris,,RT @BarackObama: Michelle and I are delighted to congratulate Prince Harry and Meghan Markle on their engagement. We wish you a lifetime of‚Ä¶
231724206,Jurassic Park,,,RT @BarackObama: Michelle and I are delighted to congratulate Prince Harry and Meghan Markle on their engagement. We wish you a lifetime of‚Ä¶
2933867773,Orlando FL,,,RT @BarackObama: Michelle and I are delighted to congratulate Prince Harry and Meghan Markle on their engagement. We wish you a lifetime of‚Ä¶
872746280203767809,,,,RT @BarackObama: Michelle and I are delighted to congratulate Prince Harry and Meghan Markle on their engagement. We wish you a lifetime of‚Ä¶
363692269,Dw about it,,,RT @BarackObama: Michelle and I are delighted to congratulate Prince Harry and Meghan Markle on their engagement. We wish you a lifetime of‚Ä¶
808035305521483776,AwardCity*_indiAüáÆüá≥_Republic,Pacific Time (US & Canada),,RT @BarackObama: Michelle and I are delighted to congratulate Prince Harry and Meghan Markle on their engagement. We wish you a lifetime of‚Ä¶
938449906674438145,"Dhaka, Bangladesh",Pacific Time (US & Canada),,RT @BarackObama: Michelle and I are delighted to congratulate Prince Harry and Meghan Markle on their engagement. We wish you a lifetime of‚Ä¶
889979209711587328,"Fort Smith, AR",,,RT @BarackObama: Michelle and I are delighted to congratulate Prince Harry and Meghan Markle on their engagement. We wish you a lifetime of‚Ä¶
567666331,"New Orleans, LA",Eastern Time (US & Canada),,RT @BarackObama: Michelle and I are delighted to congratulate Prince Harry and Meghan Markle on their engagement. We wish you a lifetime of‚Ä¶
1624569806,Dumka,,,RT @BarackObama: Michelle and I are delighted to congratulate Prince Harry and Meghan Markle on their engagement. We wish you a lifetime of‚Ä¶
911275150359908352,United Kingdom,,,RT @BarackObama: Michelle and I are delighted to congratulate Prince Harry and Meghan Markle on their engagement. We wish you a lifetime of‚Ä¶
938472851023175681,,,,RT @BarackObama: Michelle and I are delighted to congratulate Prince Harry and Meghan Markle on their engagement. We wish you a lifetime of‚Ä¶
3428206181,i told him that i loved him,London,,RT @BarackObama: Michelle and I are delighted to congratulate Prince Harry and Meghan Markle on their engagement. We wish you a lifetime of‚Ä¶
2382020768,in Shawn's Arms,,,RT @BarackObama: Michelle and I are delighted to congratulate Prince Harry and Meghan Markle on their engagement. We wish you a lifetime of‚Ä¶
905291938609418240,,,,RT @BarackObama: Michelle and I are delighted to congratulate Prince Harry and Meghan Markle on their engagement. We wish you a lifetime of‚Ä¶
4912012283,,,,RT @BarackObama: Michelle and I are delighted to congratulate Prince Harry and Meghan Markle on their engagement. We wish you a lifetime of‚Ä¶
571070786,Malaysia,Beijing,,RT @BarackObama: Michelle and I are delighted to congratulate Prince Harry and Meghan Markle on their engagement. We wish you a lifetime of‚Ä¶
588516651,,,,RT @BarackObama: Michelle and I are delighted to congratulate Prince Harry and Meghan Markle on their engagement. We wish you a lifetime of‚Ä¶
263481937,"Mumbai, India",Chennai,,RT @BarackObama: Michelle and I are delighted to congratulate Prince Harry and Meghan Markle on their engagement. We wish you a lifetime of‚Ä¶
1375466972,"moreno valley,ca",,,RT @BarackObama: Michelle and I are delighted to congratulate Prince Harry and Meghan Markle on their engagement. We wish you a lifetime of‚Ä¶
935562018802819072,,,,RT @BarackObama: Michelle and I are delighted to congratulate Prince Harry and Meghan Markle on their engagement. We wish you a lifetime of‚Ä¶
841352869945069569,,,,RT @BarackObama: Michelle and I are delighted to congratulate Prince Harry and Meghan Markle on their engagement. We wish you a lifetime of‚Ä¶
898735350494920707,"Boston, MA",,,RT @BarackObama: Michelle and I are delighted to congratulate Prince Harry and Meghan Markle on their engagement. We wish you a lifetime of‚Ä¶
803694531770126336,„Ç§„Éº„Çπ„Éà„Éñ„É´„Éº,,,RT @BarackObama: Michelle and I are delighted to congratulate Prince Harry and Meghan Markle on their engagement. We wish you a lifetime of‚Ä¶
2722372153,"gtapolice1000 - Jan, 2010, 19",Eastern Time (US & Canada),,RT @BarackObama: Michelle and I are delighted to congratulate Prince Harry and Meghan Markle on their engagement. We wish you a lifetime of‚Ä¶
912793514991165440,,,,RT @BarackObama: Michelle and I are delighted to congratulate Prince Harry and Meghan Markle on their engagement. We wish you a lifetime of‚Ä¶
854750904,"Mumbai, India",Mumbai,,RT @BarackObama: Michelle and I are delighted to congratulate Prince Harry and Meghan Markle on their engagement. We wish you a lifetime of‚Ä¶
785463262712213504,„Åì‚Üì„Åì‚Üë,,,RT @BarackObama: Michelle and I are delighted to congratulate Prince Harry and Meghan Markle on their engagement. We wish you a lifetime of‚Ä¶
257196503,In places you cant reach ,Quito,,RT @BarackObama: Michelle and I are delighted to congratulate Prince Harry and Meghan Markle on their engagement. We wish you a lifetime of‚Ä¶
875781927122370562,,,,RT @BarackObama: Michelle and I are delighted to congratulate Prince Harry and Meghan Markle on their engagement. We wish you a lifetime of‚Ä¶
938404198236016640,,,,RT @BarackObama: Michelle and I are delighted to congratulate Prince Harry and Meghan Markle on their engagement. We wish you a lifetime of‚Ä¶
731857838,California,,,RT @BarackObama: Michelle and I are delighted to congratulate Prince Harry and Meghan Markle on their engagement. We wish you a lifetime of‚Ä¶
792798461108350976,United States,,,RT @BarackObama: Michelle and I are delighted to congratulate Prince Harry and Meghan Markle on their engagement. We wish you a lifetime of‚Ä¶
43484982,Middle of Nowhere,Pacific Time (US & Canada),,RT @BarackObama: Michelle and I are delighted to congratulate Prince Harry and Meghan Markle on their engagement. We wish you a lifetime of‚Ä¶
316187667,"Plano, tx",Eastern Time (US & Canada),,RT @BarackObama: Michelle and I are delighted to congratulate Prince Harry and Meghan Markle on their engagement. We wish you a lifetime of‚Ä¶
169143234,"Johannesburg, South Africa",,,RT @BarackObama: Michelle and I are delighted to congratulate Prince Harry and Meghan Markle on their engagement. We wish you a lifetime of‚Ä¶
780360806487633921,,,,RT @BarackObama: Michelle and I are delighted to congratulate Prince Harry and Meghan Markle on their engagement. We wish you a lifetime of‚Ä¶
24392749,,Atlantic Time (Canada),,RT @BarackObama: Michelle and I are delighted to congratulate Prince Harry and Meghan Markle on their engagement. We wish you a lifetime of‚Ä¶
3725802257,,,,RT @BarackObama: Michelle and I are delighted to congratulate Prince Harry and Meghan Markle on their engagement. We wish you a lifetime of‚Ä¶
1291576616,"Nairobi, Kenya",,,RT @BarackObama: Michelle and I are delighted to congratulate Prince Harry and Meghan Markle on their engagement. We wish you a lifetime of‚Ä¶
1653319621,Ghana,London,,RT @BarackObama: Michelle and I are delighted to congratulate Prince Harry and Meghan Markle on their engagement. We wish you a lifetime of‚Ä¶
847865147179888642,Ouagadougou ,,,RT @BarackObama: Michelle and I are delighted to congratulate Prince Harry and Meghan Markle on their engagement. We wish you a lifetime of‚Ä¶
796716152609247232,India,,,RT @BarackObama: Michelle and I are delighted to congratulate Prince Harry and Meghan Markle on their engagement. We wish you a lifetime of‚Ä¶
384927203,,,,RT @BarackObama: Michelle and I are delighted to congratulate Prince Harry and Meghan Markle on their engagement. We wish you a lifetime of‚Ä¶
3109700802,,,,RT @BarackObama: Michelle and I are delighted to congratulate Prince Harry and Meghan Markle on their engagement. We wish you a lifetime of‚Ä¶
937710075170426880,"Stamford, CT",,,RT @BarackObama: Michelle and I are delighted to congratulate Prince Harry and Meghan Markle on their engagement. We wish you a lifetime of‚Ä¶
891370502618398720,,,,RT @BarackObama: Michelle and I are delighted to congratulate Prince Harry and Meghan Markle on their engagement. We wish you a lifetime of‚Ä¶
2854710732,,,,RT @BarackObama: Michelle and I are delighted to congratulate Prince Harry and Meghan Markle on their engagement. We wish you a lifetime of‚Ä¶
894906550212591617,,,,RT @BarackObama: Michelle and I are delighted to congratulate Prince Harry and Meghan Markle on their engagement. We wish you a lifetime of‚Ä¶
412903156,,,,RT @BarackObama: Michelle and I are delighted to congratulate Prince Harry and Meghan Markle on their engagement. We wish you a lifetime of‚Ä¶
3756486376,,,,RT @BarackObama: Michelle and I are delighted to congratulate Prince Harry and Meghan Markle on their engagement. We wish you a lifetime of‚Ä¶
796606725336002564,"Vijayawada, India",,,RT @BarackObama: Michelle and I are delighted to congratulate Prince Harry and Meghan Markle on their engagement. We wish you a lifetime of‚Ä¶
20621147,Cincinnati Ohio,,,RT @BarackObama: Michelle and I are delighted to congratulate Prince Harry and Meghan Markle on their engagement. We wish you a lifetime of‚Ä¶
821691588221042688,"Nairobi, Kenya",,,RT @BarackObama: Michelle and I are delighted to congratulate Prince Harry and Meghan Markle on their engagement. We wish you a lifetime of‚Ä¶
837944450152292352,"Tirunelveli, India",,,RT @BarackObama: Michelle and I are delighted to congratulate Prince Harry and Meghan Markle on their engagement. We wish you a lifetime of‚Ä¶
933234346734923778,Gampaha,,,RT @BarackObama: Michelle and I are delighted to congratulate Prince Harry and Meghan Markle on their engagement. We wish you a lifetime of‚Ä¶
17223588,South Florida,Central Time (US & Canada),,RT @BarackObama: Michelle and I are delighted to congratulate Prince Harry and Meghan Markle on their engagement. We wish you a lifetime of‚Ä¶
2873757825,,,,RT @BarackObama: Michelle and I are delighted to congratulate Prince Harry and Meghan Markle on their engagement. We wish you a lifetime of‚Ä¶
278038766,"Jamshedpur, Jharkhand",,,RT @BarackObama: Michelle and I are delighted to congratulate Prince Harry and Meghan Markle on their engagement. We wish you a lifetime of‚Ä¶
2176221547,,Amsterdam,,RT @BarackObama: Michelle and I are delighted to congratulate Prince Harry and Meghan Markle on their engagement. We wish you a lifetime of‚Ä¶
3528845596,"Miami Beach, FL",Pacific Time (US & Canada),,RT @BarackObama: Michelle and I are delighted to congratulate Prince Harry and Meghan Markle on their engagement. We wish you a lifetime of‚Ä¶
1050139710,"Washington, DC",Pacific Time (US & Canada),,"RT @BarackObama: From the Obama family to yours, we wish you a Happy Thanksgiving full of joy and gratitude. https://t.co/xAvSQwjQkz"
1967749477,"Caracas, Venezuela",Pacific Time (US & Canada),,"RT @BarackObama: From the Obama family to yours, we wish you a Happy Thanksgiving full of joy and gratitude. https://t.co/xAvSQwjQkz"
755934034161729536,,,,"RT @BarackObama: From the Obama family to yours, we wish you a Happy Thanksgiving full of joy and gratitude. https://t.co/xAvSQwjQkz"
629467988,"Washington, DC",Pacific Time (US & Canada),,"RT @BarackObama: From the Obama family to yours, we wish you a Happy Thanksgiving full of joy and gratitude. https://t.co/xAvSQwjQkz"
3392731583,"Saint-Denis, Ile-de-France",Pacific Time (US & Canada),,"RT @BarackObama: From the Obama family to yours, we wish you a Happy Thanksgiving full of joy and gratitude. https://t.co/xAvSQwjQkz"
3067711177,,,,"RT @BarackObama: From the Obama family to yours, we wish you a Happy Thanksgiving full of joy and gratitude. https://t.co/xAvSQwjQkz"
4703544768,"Ile-de-France, France",Pacific Time (US & Canada),,"RT @BarackObama: From the Obama family to yours, we wish you a Happy Thanksgiving full of joy and gratitude. https://t.co/xAvSQwjQkz"
422348732,"Ashburn, VA",Pacific Time (US & Canada),,"RT @BarackObama: From the Obama family to yours, we wish you a Happy Thanksgiving full of joy and gratitude. https://t.co/xAvSQwjQkz"
344686533,,Quito,,"RT @BarackObama: From the Obama family to yours, we wish you a Happy Thanksgiving full of joy and gratitude. https://t.co/xAvSQwjQkz"
444015201,,Paris,,"RT @BarackObama: From the Obama family to yours, we wish you a Happy Thanksgiving full of joy and gratitude. https://t.co/xAvSQwjQkz"
155293116,,Bogota,,"RT @BarackObama: From the Obama family to yours, we wish you a Happy Thanksgiving full of joy and gratitude. https://t.co/xAvSQwjQkz"
808035305521483776,AwardCity*_indiAüáÆüá≥_Republic,Pacific Time (US & Canada),,"RT @BarackObama: From the Obama family to yours, we wish you a Happy Thanksgiving full of joy and gratitude. https://t.co/xAvSQwjQkz"
938449906674438145,"Dhaka, Bangladesh",Pacific Time (US & Canada),,"RT @BarackObama: From the Obama family to yours, we wish you a Happy Thanksgiving full of joy and gratitude. https://t.co/xAvSQwjQkz"
870302888781918208,"Abuja, Nigeria",,,"RT @BarackObama: From the Obama family to yours, we wish you a Happy Thanksgiving full of joy and gratitude. https://t.co/xAvSQwjQkz"
938472851023175681,,,,"RT @BarackObama: From the Obama family to yours, we wish you a Happy Thanksgiving full of joy and gratitude. https://t.co/xAvSQwjQkz"
938463357266530305,"1600 Pennsylvania Ave, DC",,,"RT @BarackObama: From the Obama family to yours, we wish you a Happy Thanksgiving full of joy and gratitude. https://t.co/xAvSQwjQkz"
709771378019450880,"Daule, Ecuador",,,"RT @BarackObama: From the Obama family to yours, we wish you a Happy Thanksgiving full of joy and gratitude. https://t.co/xAvSQwjQkz"
771284286989217796,allagadda,,,"RT @BarackObama: From the Obama family to yours, we wish you a Happy Thanksgiving full of joy and gratitude. https://t.co/xAvSQwjQkz"
850683549657288704,,,,"RT @BarackObama: From the Obama family to yours, we wish you a Happy Thanksgiving full of joy and gratitude. https://t.co/xAvSQwjQkz"
854750904,"Mumbai, India",Mumbai,,"RT @BarackObama: From the Obama family to yours, we wish you a Happy Thanksgiving full of joy and gratitude. https://t.co/xAvSQwjQkz"
915989077177987072,,,,"RT @BarackObama: From the Obama family to yours, we wish you a Happy Thanksgiving full of joy and gratitude. https://t.co/xAvSQwjQkz"
938190186047004672,,,,"RT @BarackObama: From the Obama family to yours, we wish you a Happy Thanksgiving full of joy and gratitude. https://t.co/xAvSQwjQkz"
217978608,VEGAS CITY OF ENTER TAINMENT,Hawaii,,"RT @BarackObama: From the Obama family to yours, we wish you a Happy Thanksgiving full of joy and gratitude. https://t.co/xAvSQwjQkz"
39387264,,Central Time (US & Canada),,"RT @BarackObama: From the Obama family to yours, we wish you a Happy Thanksgiving full of joy and gratitude. https://t.co/xAvSQwjQkz"
731857838,California,,,"RT @BarackObama: From the Obama family to yours, we wish you a Happy Thanksgiving full of joy and gratitude. https://t.co/xAvSQwjQkz"
832215441271459840,,,,"RT @BarackObama: From the Obama family to yours, we wish you a Happy Thanksgiving full of joy and gratitude. https://t.co/xAvSQwjQkz"
938411202845265920,,,,"RT @BarackObama: From the Obama family to yours, we wish you a Happy Thanksgiving full of joy and gratitude. https://t.co/xAvSQwjQkz"
770236928801251328,,,,"RT @BarackObama: From the Obama family to yours, we wish you a Happy Thanksgiving full of joy and gratitude. https://t.co/xAvSQwjQkz"
1227090054,Arlingham üá¨üáß,Athens,,"RT @BarackObama: From the Obama family to yours, we wish you a Happy Thanksgiving full of joy and gratitude. https://t.co/xAvSQwjQkz"
891787412216528896,United States,,,"RT @BarackObama: From the Obama family to yours, we wish you a Happy Thanksgiving full of joy and gratitude. https://t.co/xAvSQwjQkz"
797547199928422401,United States,Central Time (US & Canada),,"RT @BarackObama: From the Obama family to yours, we wish you a Happy Thanksgiving full of joy and gratitude. https://t.co/xAvSQwjQkz"
822060370630242304,"Colorado, United States",,,"RT @BarackObama: From the Obama family to yours, we wish you a Happy Thanksgiving full of joy and gratitude. https://t.co/xAvSQwjQkz"
933234346734923778,Gampaha,,,"RT @BarackObama: From the Obama family to yours, we wish you a Happy Thanksgiving full of joy and gratitude. https://t.co/xAvSQwjQkz"
887624263531986944,,,,"RT @BarackObama: From the Obama family to yours, we wish you a Happy Thanksgiving full of joy and gratitude. https://t.co/xAvSQwjQkz"
782933978,,Eastern Time (US & Canada),,"RT @BarackObama: From the Obama family to yours, we wish you a Happy Thanksgiving full of joy and gratitude. https://t.co/xAvSQwjQkz"
938378303097974784,,,,"RT @BarackObama: From the Obama family to yours, we wish you a Happy Thanksgiving full of joy and gratitude. https://t.co/xAvSQwjQkz"
154627892,,Buenos Aires,,"RT @BarackObama: From the Obama family to yours, we wish you a Happy Thanksgiving full of joy and gratitude. https://t.co/xAvSQwjQkz"
927927974493487104,"Dhaka, Bangladesh",,,"RT @BarackObama: From the Obama family to yours, we wish you a Happy Thanksgiving full of joy and gratitude. https://t.co/xAvSQwjQkz"
932819812929060864,,,,"RT @BarackObama: From the Obama family to yours, we wish you a Happy Thanksgiving full of joy and gratitude. https://t.co/xAvSQwjQkz"
462137496,"San Francisco, CA",,,"RT @BarackObama: From the Obama family to yours, we wish you a Happy Thanksgiving full of joy and gratitude. https://t.co/xAvSQwjQkz"
4454298013,,,,"RT @BarackObama: From the Obama family to yours, we wish you a Happy Thanksgiving full of joy and gratitude. https://t.co/xAvSQwjQkz"
22639063,,Quito,,"RT @BarackObama: From the Obama family to yours, we wish you a Happy Thanksgiving full of joy and gratitude. https://t.co/xAvSQwjQkz"
2325860090,"Nantes, Munich",Pacific Time (US & Canada),,"RT @BarackObama: From the Obama family to yours, we wish you a Happy Thanksgiving full of joy and gratitude. https://t.co/xAvSQwjQkz"
848317043430608896,,,,"RT @BarackObama: From the Obama family to yours, we wish you a Happy Thanksgiving full of joy and gratitude. https://t.co/xAvSQwjQkz"
32784802,"√úT: 35.222246,-81.339862",America/Detroit,,"RT @BarackObama: From the Obama family to yours, we wish you a Happy Thanksgiving full of joy and gratitude. https://t.co/xAvSQwjQkz"
132198258,India,Chennai,,"RT @BarackObama: From the Obama family to yours, we wish you a Happy Thanksgiving full of joy and gratitude. https://t.co/xAvSQwjQkz"
745910611108823042,4648 Havilland Court Napervill,Pacific Time (US & Canada),,"RT @BarackObama: From the Obama family to yours, we wish you a Happy Thanksgiving full of joy and gratitude. https://t.co/xAvSQwjQkz"
3185774820,"Los Angeles, CA",Pacific Time (US & Canada),,"RT @BarackObama: From the Obama family to yours, we wish you a Happy Thanksgiving full of joy and gratitude. https://t.co/xAvSQwjQkz"
929382489029795841,,,,"RT @BarackObama: From the Obama family to yours, we wish you a Happy Thanksgiving full of joy and gratitude. https://t.co/xAvSQwjQkz"
1242432703,,,,"RT @BarackObama: From the Obama family to yours, we wish you a Happy Thanksgiving full of joy and gratitude. https://t.co/xAvSQwjQkz"
831585995074084864,"Laramie, WY",,,"RT @BarackObama: From the Obama family to yours, we wish you a Happy Thanksgiving full of joy and gratitude. https://t.co/xAvSQwjQkz"
806681824596467712,,,,"RT @BarackObama: From the Obama family to yours, we wish you a Happy Thanksgiving full of joy and gratitude. https://t.co/xAvSQwjQkz"
16444544,"Washington, USA",Pacific Time (US & Canada),,"RT @BarackObama: From the Obama family to yours, we wish you a Happy Thanksgiving full of joy and gratitude. https://t.co/xAvSQwjQkz"
3423241737,,Pacific Time (US & Canada),,"RT @BarackObama: From the Obama family to yours, we wish you a Happy Thanksgiving full of joy and gratitude. https://t.co/xAvSQwjQkz"
456355438,,,,"RT @BarackObama: From the Obama family to yours, we wish you a Happy Thanksgiving full of joy and gratitude. https://t.co/xAvSQwjQkz"
781921082198597632,,Pacific Time (US & Canada),,"RT @BarackObama: From the Obama family to yours, we wish you a Happy Thanksgiving full of joy and gratitude. https://t.co/xAvSQwjQkz"
123137588,"Tuxtla Guti√©rrez, Chiapas",Mountain Time (US & Canada),,"RT @BarackObama: From the Obama family to yours, we wish you a Happy Thanksgiving full of joy and gratitude. https://t.co/xAvSQwjQkz"
3222286221,"Sarasota, FL",Pacific Time (US & Canada),,"RT @BarackObama: From the Obama family to yours, we wish you a Happy Thanksgiving full of joy and gratitude. https://t.co/xAvSQwjQkz"
814234360996069376,United States,,,"RT @BarackObama: From the Obama family to yours, we wish you a Happy Thanksgiving full of joy and gratitude. https://t.co/xAvSQwjQkz"
427067170,,Central Time (US & Canada),,"RT @BarackObama: From the Obama family to yours, we wish you a Happy Thanksgiving full of joy and gratitude. https://t.co/xAvSQwjQkz"
822847432899891200,,,,"RT @BarackObama: From the Obama family to yours, we wish you a Happy Thanksgiving full of joy and gratitude. https://t.co/xAvSQwjQkz"
880084111314083840,n4 pu74 q p4ri0,,,"RT @BarackObama: From the Obama family to yours, we wish you a Happy Thanksgiving full of joy and gratitude. https://t.co/xAvSQwjQkz"
47708754,,,,"RT @BarackObama: From the Obama family to yours, we wish you a Happy Thanksgiving full of joy and gratitude. https://t.co/xAvSQwjQkz"
904787215397605376,Florida,,,"RT @BarackObama: From the Obama family to yours, we wish you a Happy Thanksgiving full of joy and gratitude. https://t.co/xAvSQwjQkz"
893542080030658561,"Charleston, WV",,,"RT @BarackObama: From the Obama family to yours, we wish you a Happy Thanksgiving full of joy and gratitude. https://t.co/xAvSQwjQkz"
879323341152280576,"Chicago, IL",,,"RT @BarackObama: From the Obama family to yours, we wish you a Happy Thanksgiving full of joy and gratitude. https://t.co/xAvSQwjQkz"
938217327157567488,"ÿ¨ÿØÿ©, ÿßŸÑŸÖŸÖŸÑŸÉÿ© ÿßŸÑÿπÿ±ÿ®Ÿäÿ© ÿßŸÑÿ≥ÿπŸàÿØŸäÿ©",,,"RT @BarackObama: From the Obama family to yours, we wish you a Happy Thanksgiving full of joy and gratitude. https://t.co/xAvSQwjQkz"
872649919047364608,,,,"RT @BarackObama: From the Obama family to yours, we wish you a Happy Thanksgiving full of joy and gratitude. https://t.co/xAvSQwjQkz"
1527589765,,,,"RT @BarackObama: From the Obama family to yours, we wish you a Happy Thanksgiving full of joy and gratitude. https://t.co/xAvSQwjQkz"
801945876004503552,,,,"RT @BarackObama: From the Obama family to yours, we wish you a Happy Thanksgiving full of joy and gratitude. https://t.co/xAvSQwjQkz"
2315894354,"Spokane, WA",,,"RT @BarackObama: From the Obama family to yours, we wish you a Happy Thanksgiving full of joy and gratitude. https://t.co/xAvSQwjQkz"
3429493659,,,,"RT @BarackObama: From the Obama family to yours, we wish you a Happy Thanksgiving full of joy and gratitude. https://t.co/xAvSQwjQkz"
938174087922376705,,,,"RT @BarackObama: From the Obama family to yours, we wish you a Happy Thanksgiving full of joy and gratitude. https://t.co/xAvSQwjQkz"
125690107,,,,"RT @BarackObama: From the Obama family to yours, we wish you a Happy Thanksgiving full of joy and gratitude. https://t.co/xAvSQwjQkz"
164037186,"Minnesota, USA",Mountain Time (US & Canada),,"RT @BarackObama: From the Obama family to yours, we wish you a Happy Thanksgiving full of joy and gratitude. https://t.co/xAvSQwjQkz"
888132199123345408,,,,"RT @BarackObama: From the Obama family to yours, we wish you a Happy Thanksgiving full of joy and gratitude. https://t.co/xAvSQwjQkz"
916277139497828354,"Taichung,Taiwan",,,"RT @BarackObama: From the Obama family to yours, we wish you a Happy Thanksgiving full of joy and gratitude. https://t.co/xAvSQwjQkz"
2739680245,"Indianapolis, IN",,,"RT @BarackObama: From the Obama family to yours, we wish you a Happy Thanksgiving full of joy and gratitude. https://t.co/xAvSQwjQkz"
602161603,,Pacific Time (US & Canada),,"RT @BarackObama: From the Obama family to yours, we wish you a Happy Thanksgiving full of joy and gratitude. https://t.co/xAvSQwjQkz"
938161554507284481,"Miami, FL",,,"RT @BarackObama: From the Obama family to yours, we wish you a Happy Thanksgiving full of joy and gratitude. https://t.co/xAvSQwjQkz"
762340949716570112,"New York, USA",,,"RT @BarackObama: From the Obama family to yours, we wish you a Happy Thanksgiving full of joy and gratitude. https://t.co/xAvSQwjQkz"
794343473641963520,"El Paso, TX",Pacific Time (US & Canada),,"RT @BarackObama: From the Obama family to yours, we wish you a Happy Thanksgiving full of joy and gratitude. https://t.co/xAvSQwjQkz"
3249810930,"Arizona, USA",,,"RT @BarackObama: From the Obama family to yours, we wish you a Happy Thanksgiving full of joy and gratitude. https://t.co/xAvSQwjQkz"
373491041,earth,Central Time (US & Canada),,"RT @BarackObama: From the Obama family to yours, we wish you a Happy Thanksgiving full of joy and gratitude. https://t.co/xAvSQwjQkz"
1340235038,Saint-Etienne,,,"RT @BarackObama: From the Obama family to yours, we wish you a Happy Thanksgiving full of joy and gratitude. https://t.co/xAvSQwjQkz"
