user,location,timezone,loc,text
902665423405056001,"Florida, USA",,,RT @SenWarren: .@SenBernieSanders &amp; I are talking about things Democrats are fighting for in this spending bill that would make a big diffeâ€¦
767146357270450177,"Jesup, GA",,,RT @SenWarren: .@SenBernieSanders &amp; I are talking about things Democrats are fighting for in this spending bill that would make a big diffeâ€¦
782585364162674688,,,,RT @SenWarren: .@SenBernieSanders &amp; I are talking about things Democrats are fighting for in this spending bill that would make a big diffeâ€¦
19038210,"Music City, USA - NashVegas",Central Time (US & Canada),,RT @SenWarren: .@SenBernieSanders &amp; I are talking about things Democrats are fighting for in this spending bill that would make a big diffeâ€¦
192770486,"New Hampshire, USA",Eastern Time (US & Canada),,RT @SenWarren: .@SenBernieSanders &amp; I are talking about things Democrats are fighting for in this spending bill that would make a big diffeâ€¦
809595542569259008,,Pacific Time (US & Canada),,RT @SenWarren: .@SenBernieSanders &amp; I are talking about things Democrats are fighting for in this spending bill that would make a big diffeâ€¦
2319297264,,Eastern Time (US & Canada),,RT @SenWarren: .@SenBernieSanders &amp; I are talking about things Democrats are fighting for in this spending bill that would make a big diffeâ€¦
2292171039,Ridderkerk,,,RT @SenWarren: .@SenBernieSanders &amp; I are talking about things Democrats are fighting for in this spending bill that would make a big diffeâ€¦
188903918,"Washington, D. C. ",Central Time (US & Canada),,RT @SenWarren: .@SenBernieSanders &amp; I are talking about things Democrats are fighting for in this spending bill that would make a big diffeâ€¦
4734853219,,Pacific Time (US & Canada),,RT @SenWarren: .@SenBernieSanders &amp; I are talking about things Democrats are fighting for in this spending bill that would make a big diffeâ€¦
1059644598,Kentucky,Eastern Time (US & Canada),,RT @SenWarren: .@SenBernieSanders &amp; I are talking about things Democrats are fighting for in this spending bill that would make a big diffeâ€¦
1849664804,,,,RT @SenWarren: .@SenBernieSanders &amp; I are talking about things Democrats are fighting for in this spending bill that would make a big diffeâ€¦
56038149,Being In The World(R),Eastern Time (US & Canada),,RT @SenWarren: .@SenBernieSanders &amp; I are talking about things Democrats are fighting for in this spending bill that would make a big diffeâ€¦
322820840,"California, USA",,,RT @SenWarren: .@SenBernieSanders &amp; I are talking about things Democrats are fighting for in this spending bill that would make a big diffeâ€¦
924497417973780480,,,,RT @SenWarren: .@SenBernieSanders &amp; I are talking about things Democrats are fighting for in this spending bill that would make a big diffeâ€¦
2652245238,,,,RT @SenWarren: .@SenBernieSanders &amp; I are talking about things Democrats are fighting for in this spending bill that would make a big diffeâ€¦
496717272,,,,RT @SenWarren: .@SenBernieSanders &amp; I are talking about things Democrats are fighting for in this spending bill that would make a big diffeâ€¦
130932192,"Santa Fe, NM",Mountain Time (US & Canada),,RT @SenWarren: .@SenBernieSanders &amp; I are talking about things Democrats are fighting for in this spending bill that would make a big diffeâ€¦
921193571608350720,,,,RT @SenWarren: .@SenBernieSanders &amp; I are talking about things Democrats are fighting for in this spending bill that would make a big diffeâ€¦
2850845956,,Pacific Time (US & Canada),,RT @SenWarren: The federal government will run out of money on Friday unless Congress passes a new spending bill. This isnâ€™t just about keeâ€¦
886044124389941248,,,,RT @SenWarren: The federal government will run out of money on Friday unless Congress passes a new spending bill. This isnâ€™t just about keeâ€¦
764851009004810241,,,,RT @SenWarren: The federal government will run out of money on Friday unless Congress passes a new spending bill. This isnâ€™t just about keeâ€¦
7691882,"Cambridge, MA",Eastern Time (US & Canada),,RT @SenWarren: The federal government will run out of money on Friday unless Congress passes a new spending bill. This isnâ€™t just about keeâ€¦
1080764622,,,,RT @SenWarren: The federal government will run out of money on Friday unless Congress passes a new spending bill. This isnâ€™t just about keeâ€¦
161165024,Greater Los Angeles,,,RT @SenWarren: The federal government will run out of money on Friday unless Congress passes a new spending bill. This isnâ€™t just about keeâ€¦
622663869,Le Monde ,Amsterdam,,RT @SenWarren: The federal government will run out of money on Friday unless Congress passes a new spending bill. This isnâ€™t just about keeâ€¦
2998670677,United States,,,RT @SenWarren: The federal government will run out of money on Friday unless Congress passes a new spending bill. This isnâ€™t just about keeâ€¦
2384260873,,,,RT @SenWarren: The federal government will run out of money on Friday unless Congress passes a new spending bill. This isnâ€™t just about keeâ€¦
2992661611,"Olympia, Washington",Pacific Time (US & Canada),,RT @SenWarren: The federal government will run out of money on Friday unless Congress passes a new spending bill. This isnâ€™t just about keeâ€¦
826180453774221312,,Pacific Time (US & Canada),,RT @SenWarren: The federal government will run out of money on Friday unless Congress passes a new spending bill. This isnâ€™t just about keeâ€¦
743615223903420417,,,,RT @SenWarren: The federal government will run out of money on Friday unless Congress passes a new spending bill. This isnâ€™t just about keeâ€¦
25215148,"iPhone: 37.839329,-84.562406",Eastern Time (US & Canada),,RT @SenWarren: The federal government will run out of money on Friday unless Congress passes a new spending bill. This isnâ€™t just about keeâ€¦
2319297264,,Eastern Time (US & Canada),,RT @SenWarren: The federal government will run out of money on Friday unless Congress passes a new spending bill. This isnâ€™t just about keeâ€¦
1364601084,"Virginia, USA",,,RT @SenWarren: The federal government will run out of money on Friday unless Congress passes a new spending bill. This isnâ€™t just about keeâ€¦
47516587,,Eastern Time (US & Canada),,RT @SenWarren: The federal government will run out of money on Friday unless Congress passes a new spending bill. This isnâ€™t just about keeâ€¦
923330628703027200,,,,RT @SenWarren: The federal government will run out of money on Friday unless Congress passes a new spending bill. This isnâ€™t just about keeâ€¦
106292375,"New York, NY",Eastern Time (US & Canada),,RT @SenWarren: Watch live as I speak to @openmarkets about how competition makes our economy - and our country - stronger: https://t.co/bzQâ€¦
1275353629,,,,RT @SenWarren: Watch live as I speak to @openmarkets about how competition makes our economy - and our country - stronger: https://t.co/bzQâ€¦
874700364,,,,RT @SenWarren: Watch live as I speak to @openmarkets about how competition makes our economy - and our country - stronger: https://t.co/bzQâ€¦
582258100,"(Roslindale) Boston, MA ",Eastern Time (US & Canada),,RT @SenWarren: Watch live as I speak to @openmarkets about how competition makes our economy - and our country - stronger: https://t.co/bzQâ€¦
935960812656713729,"North Carolina, USA",,,RT @SenWarren: Watch live as I speak to @openmarkets about how competition makes our economy - and our country - stronger: https://t.co/bzQâ€¦
803466145269284864,,,,RT @SenWarren: Watch live as I speak to @openmarkets about how competition makes our economy - and our country - stronger: https://t.co/bzQâ€¦
1969927374,,,,RT @SenWarren: Watch live as I speak to @openmarkets about how competition makes our economy - and our country - stronger: https://t.co/bzQâ€¦
797005483,"Irving, Texas",,,RT @SenWarren: Watch live as I speak to @openmarkets about how competition makes our economy - and our country - stronger: https://t.co/bzQâ€¦
3434812397,,,,RT @SenWarren: Watch live as I speak to @openmarkets about how competition makes our economy - and our country - stronger: https://t.co/bzQâ€¦
2830877740,,,,RT @SenWarren: Watch live as I speak to @openmarkets about how competition makes our economy - and our country - stronger: https://t.co/bzQâ€¦
3316811522,"Tokyo and Nagoya, Japan",,,RT @SenWarren: Watch live as I speak to @openmarkets about how competition makes our economy - and our country - stronger: https://t.co/bzQâ€¦
44052590,Geneva,,,RT @SenWarren: Heading to the Senate floor to urge passage of the #DreamActNow. Watch live: https://t.co/AMIGUNi5Yo
1400754914,,Eastern Time (US & Canada),,RT @SenWarren: Heading to the Senate floor to urge passage of the #DreamActNow. Watch live: https://t.co/AMIGUNi5Yo
564162779,Grants Pass Oregon ,,,RT @SenWarren: Heading to the Senate floor to urge passage of the #DreamActNow. Watch live: https://t.co/AMIGUNi5Yo
2997745089,,,,RT @SenWarren: Heading to the Senate floor to urge passage of the #DreamActNow. Watch live: https://t.co/AMIGUNi5Yo
332677862,Northwest Arkansas,Central Time (US & Canada),,RT @SenWarren: Heading to the Senate floor to urge passage of the #DreamActNow. Watch live: https://t.co/AMIGUNi5Yo
4307318542,"London, UK",,,RT @SenWarren: Heading to the Senate floor to urge passage of the #DreamActNow. Watch live: https://t.co/AMIGUNi5Yo
23869493,US,Eastern Time (US & Canada),,RT @SenWarren: Heading to the Senate floor to urge passage of the #DreamActNow. Watch live: https://t.co/AMIGUNi5Yo
925895528034037760,,,,RT @SenWarren: Heading to the Senate floor to urge passage of the #DreamActNow. Watch live: https://t.co/AMIGUNi5Yo
909961659183243264,,Pacific Time (US & Canada),,RT @SenWarren: Heading to the Senate floor to urge passage of the #DreamActNow. Watch live: https://t.co/AMIGUNi5Yo
2255554887,"Greensboro, NC",,,RT @SenWarren: Heading to the Senate floor to urge passage of the #DreamActNow. Watch live: https://t.co/AMIGUNi5Yo
779110601771528192,,,,RT @SenWarren: Heading to the Senate floor to urge passage of the #DreamActNow. Watch live: https://t.co/AMIGUNi5Yo
853982276,,,,RT @SenWarren: Heading to the Senate floor to urge passage of the #DreamActNow. Watch live: https://t.co/AMIGUNi5Yo
71963857,"Fort Lauderdale, FL",,,RT @SenWarren: Heading to the Senate floor to urge passage of the #DreamActNow. Watch live: https://t.co/AMIGUNi5Yo
19800906,Tampa Bay,Central Time (US & Canada),,RT @SenWarren: Heading to the Senate floor to urge passage of the #DreamActNow. Watch live: https://t.co/AMIGUNi5Yo
3013830353,,,,RT @SenWarren: Heading to the Senate floor to urge passage of the #DreamActNow. Watch live: https://t.co/AMIGUNi5Yo
4039955921,"Rochester Hills, Michigan",,,RT @SenWarren: Heading to the Senate floor to urge passage of the #DreamActNow. Watch live: https://t.co/AMIGUNi5Yo
790231356374601728,"California, USA",,,RT @SenWarren: Heading to the Senate floor to urge passage of the #DreamActNow. Watch live: https://t.co/AMIGUNi5Yo
72715443,"Amsterdam, North Holland",Mountain Time (US & Canada),,RT @SenWarren: Heading to the Senate floor to urge passage of the #DreamActNow. Watch live: https://t.co/AMIGUNi5Yo
299539882,,Arizona,,"RT @SenWarren: Amendment #60, which prohibits deregulation of banks that fire whistleblowers, failed, 7-16. Four Democrats voted with the Râ€¦"
901175608230760448,,,,"RT @SenWarren: Amendment #60, which prohibits deregulation of banks that fire whistleblowers, failed, 7-16. Four Democrats voted with the Râ€¦"
303429952,,Atlantic Time (Canada),,"RT @SenWarren: Amendment #60, which prohibits deregulation of banks that fire whistleblowers, failed, 7-16. Four Democrats voted with the Râ€¦"
2964602529,,Central Time (US & Canada),,"RT @SenWarren: Amendment #60, which prohibits deregulation of banks that fire whistleblowers, failed, 7-16. Four Democrats voted with the Râ€¦"
22320458,"Annapolis, MD",Eastern Time (US & Canada),,"RT @SenWarren: Amendment #60, which prohibits deregulation of banks that fire whistleblowers, failed, 7-16. Four Democrats voted with the Râ€¦"
502224623,Flavor Town ,,,"RT @SenWarren: Amendment #60, which prohibits deregulation of banks that fire whistleblowers, failed, 7-16. Four Democrats voted with the Râ€¦"
802347323200126976,doxx,,,"RT @SenWarren: Amendment #60, which prohibits deregulation of banks that fire whistleblowers, failed, 7-16. Four Democrats voted with the Râ€¦"
538664570,Melonville,Eastern Time (US & Canada),,"RT @SenWarren: Amendment #60, which prohibits deregulation of banks that fire whistleblowers, failed, 7-16. Four Democrats voted with the Râ€¦"
153293400,Chicago,,,"RT @SenWarren: Amendment #60, which prohibits deregulation of banks that fire whistleblowers, failed, 7-16. Four Democrats voted with the Râ€¦"
806512054425288704,âœ¨ðŸ‡ºðŸ‡¸âœ¨,Eastern Time (US & Canada),,"RT @SenWarren: Amendment #60, which prohibits deregulation of banks that fire whistleblowers, failed, 7-16. Four Democrats voted with the Râ€¦"
841565208271282176,,,,"RT @SenWarren: Amendment #60, which prohibits deregulation of banks that fire whistleblowers, failed, 7-16. Four Democrats voted with the Râ€¦"
432060037,Missouri,Central Time (US & Canada),,"RT @SenWarren: Amendment #60, which prohibits deregulation of banks that fire whistleblowers, failed, 7-16. Four Democrats voted with the Râ€¦"
1322887746,Florida,Eastern Time (US & Canada),,"RT @SenWarren: Amendment #60, which prohibits deregulation of banks that fire whistleblowers, failed, 7-16. Four Democrats voted with the Râ€¦"
2893385842,,,,"RT @SenWarren: Amendment #60, which prohibits deregulation of banks that fire whistleblowers, failed, 7-16. Four Democrats voted with the Râ€¦"
809897553588170752,,,,"RT @SenWarren: Amendment #60, which prohibits deregulation of banks that fire whistleblowers, failed, 7-16. Four Democrats voted with the Râ€¦"
25877017,,Quito,,"RT @SenWarren: Amendment #60, which prohibits deregulation of banks that fire whistleblowers, failed, 7-16. Four Democrats voted with the Râ€¦"
15624073,Jamaica Plain,Eastern Time (US & Canada),,"RT @SenWarren: Amendment #60, which prohibits deregulation of banks that fire whistleblowers, failed, 7-16. Four Democrats voted with the Râ€¦"
102235362,"Dept of HHS (Ret, O-6 equiv)",Central Time (US & Canada),,"RT @SenWarren: Amendment #60, which prohibits deregulation of banks that fire whistleblowers, failed, 7-16. Four Democrats voted with the Râ€¦"
54089547,WA,Pacific Time (US & Canada),,"RT @SenWarren: Amendment #60, which prohibits deregulation of banks that fire whistleblowers, failed, 7-16. Four Democrats voted with the Râ€¦"
79469933,Sector 7-G,Quito,,"RT @SenWarren: Amendment #60, which prohibits deregulation of banks that fire whistleblowers, failed, 7-16. Four Democrats voted with the Râ€¦"
3681354315,"New York, NY",Pacific Time (US & Canada),,"RT @SenWarren: Just offered amendment #60, which prohibits deregulation under the #BankLobbyistsAct for financial institutions that have fiâ€¦"
299539882,,Arizona,,"RT @SenWarren: Just offered amendment #60, which prohibits deregulation under the #BankLobbyistsAct for financial institutions that have fiâ€¦"
802347323200126976,doxx,,,"RT @SenWarren: Just offered amendment #60, which prohibits deregulation under the #BankLobbyistsAct for financial institutions that have fiâ€¦"
2866783672,"Salina, KS",America/Chicago,,"RT @SenWarren: Just offered amendment #60, which prohibits deregulation under the #BankLobbyistsAct for financial institutions that have fiâ€¦"
104310447,"San Francisco, CA!!!",Pacific Time (US & Canada),,"RT @SenWarren: Just offered amendment #60, which prohibits deregulation under the #BankLobbyistsAct for financial institutions that have fiâ€¦"
367959774,"Worcester, MA",Pacific Time (US & Canada),,"RT @SenWarren: Just offered amendment #60, which prohibits deregulation under the #BankLobbyistsAct for financial institutions that have fiâ€¦"
733249147512487936,,,,"RT @SenWarren: Just offered amendment #60, which prohibits deregulation under the #BankLobbyistsAct for financial institutions that have fiâ€¦"
17600053,"Flushing ,MI",Quito,,"RT @SenWarren: Just offered amendment #60, which prohibits deregulation under the #BankLobbyistsAct for financial institutions that have fiâ€¦"
797005483,"Irving, Texas",,,"RT @SenWarren: Just offered amendment #60, which prohibits deregulation under the #BankLobbyistsAct for financial institutions that have fiâ€¦"
3316811522,"Tokyo and Nagoya, Japan",,,"RT @SenWarren: Just offered amendment #60, which prohibits deregulation under the #BankLobbyistsAct for financial institutions that have fiâ€¦"
816126073159159808,,,,"RT @SenWarren: Just offered amendment #60, which prohibits deregulation under the #BankLobbyistsAct for financial institutions that have fiâ€¦"
935613782876938240,"St Louis, MO",,,"RT @SenWarren: Just offered amendment #60, which prohibits deregulation under the #BankLobbyistsAct for financial institutions that have fiâ€¦"
876521721464987649,"Roswell, NM",,,"RT @SenWarren: Just offered amendment #60, which prohibits deregulation under the #BankLobbyistsAct for financial institutions that have fiâ€¦"
14419568,new england,Eastern Time (US & Canada),,"RT @SenWarren: Just offered amendment #60, which prohibits deregulation under the #BankLobbyistsAct for financial institutions that have fiâ€¦"
21916461,DC,Eastern Time (US & Canada),,"RT @SenWarren: Just offered amendment #60, which prohibits deregulation under the #BankLobbyistsAct for financial institutions that have fiâ€¦"
920706315957219329,,,,"RT @SenWarren: Just offered amendment #60, which prohibits deregulation under the #BankLobbyistsAct for financial institutions that have fiâ€¦"
405772876,Caribbean,,,"RT @SenWarren: Just offered amendment #60, which prohibits deregulation under the #BankLobbyistsAct for financial institutions that have fiâ€¦"
260981899,,Eastern Time (US & Canada),,"RT @SenWarren: Just offered amendment #60, which prohibits deregulation under the #BankLobbyistsAct for financial institutions that have fiâ€¦"
3316811522,"Tokyo and Nagoya, Japan",,,"RT @SenWarren: Amendment #52 which stops deregulation of banks under consent decree or a deferred prosecution agreement failed, 7-16. Fourâ€¦"
390379040,The Infinite Universe,Quito,,"RT @SenWarren: Amendment #52 which stops deregulation of banks under consent decree or a deferred prosecution agreement failed, 7-16. Fourâ€¦"
3782799975,,Central Time (US & Canada),,"RT @SenWarren: Amendment #52 which stops deregulation of banks under consent decree or a deferred prosecution agreement failed, 7-16. Fourâ€¦"
125154648,,,,"RT @SenWarren: Amendment #52 which stops deregulation of banks under consent decree or a deferred prosecution agreement failed, 7-16. Fourâ€¦"
28440399,,Central Time (US & Canada),,"RT @SenWarren: Amendment #52 which stops deregulation of banks under consent decree or a deferred prosecution agreement failed, 7-16. Fourâ€¦"
834657630,"Alabama, USA",,,"RT @SenWarren: Amendment #52 which stops deregulation of banks under consent decree or a deferred prosecution agreement failed, 7-16. Fourâ€¦"
2655203862,,Arizona,,"RT @SenWarren: Amendment #52 which stops deregulation of banks under consent decree or a deferred prosecution agreement failed, 7-16. Fourâ€¦"
746947886366195712,Belgium,Brussels,,"RT @SenWarren: Amendment #52 which stops deregulation of banks under consent decree or a deferred prosecution agreement failed, 7-16. Fourâ€¦"
2817370566,,,,"RT @SenWarren: Amendment #52 which stops deregulation of banks under consent decree or a deferred prosecution agreement failed, 7-16. Fourâ€¦"
823351367443980289,,,,"RT @SenWarren: Amendment #52 which stops deregulation of banks under consent decree or a deferred prosecution agreement failed, 7-16. Fourâ€¦"
1075635146,"California, USA",Pacific Time (US & Canada),,"RT @SenWarren: Amendment #52 which stops deregulation of banks under consent decree or a deferred prosecution agreement failed, 7-16. Fourâ€¦"
2309267190,USA,Pacific Time (US & Canada),,"RT @SenWarren: Amendment #52 which stops deregulation of banks under consent decree or a deferred prosecution agreement failed, 7-16. Fourâ€¦"
796262397119987712,Home,Eastern Time (US & Canada),,"RT @SenWarren: Amendment #52 which stops deregulation of banks under consent decree or a deferred prosecution agreement failed, 7-16. Fourâ€¦"
886032086829862912,,,,"RT @SenWarren: Amendment #52 which stops deregulation of banks under consent decree or a deferred prosecution agreement failed, 7-16. Fourâ€¦"
944237989,,,,"RT @SenWarren: Amendment #52 which stops deregulation of banks under consent decree or a deferred prosecution agreement failed, 7-16. Fourâ€¦"
29507321,,Central Time (US & Canada),,"RT @SenWarren: Amendment #52 which stops deregulation of banks under consent decree or a deferred prosecution agreement failed, 7-16. Fourâ€¦"
14962178,"Tokyo, Japan",Hawaii,,"RT @SenWarren: Amendment #52 which stops deregulation of banks under consent decree or a deferred prosecution agreement failed, 7-16. Fourâ€¦"
22015611,swamps o'florida,Eastern Time (US & Canada),,"RT @SenWarren: Amendment #52 which stops deregulation of banks under consent decree or a deferred prosecution agreement failed, 7-16. Fourâ€¦"
2511211420,,,,"RT @SenWarren: Just offered amendment #52, which stops banks that break the law &amp; agree to a consent order or deferred prosecution agreemenâ€¦"
91681504,"Bellingham, WA",,,"RT @SenWarren: Just offered amendment #52, which stops banks that break the law &amp; agree to a consent order or deferred prosecution agreemenâ€¦"
2866783672,"Salina, KS",America/Chicago,,"RT @SenWarren: Just offered amendment #52, which stops banks that break the law &amp; agree to a consent order or deferred prosecution agreemenâ€¦"
543014375,,,,"RT @SenWarren: Just offered amendment #52, which stops banks that break the law &amp; agree to a consent order or deferred prosecution agreemenâ€¦"
3316811522,"Tokyo and Nagoya, Japan",,,"RT @SenWarren: Just offered amendment #52, which stops banks that break the law &amp; agree to a consent order or deferred prosecution agreemenâ€¦"
244225862,,,,"RT @SenWarren: Just offered amendment #52, which stops banks that break the law &amp; agree to a consent order or deferred prosecution agreemenâ€¦"
2796687318,,,,"RT @SenWarren: Just offered amendment #52, which stops banks that break the law &amp; agree to a consent order or deferred prosecution agreemenâ€¦"
715703584285966336,"Maryland, USA",,,"RT @SenWarren: Just offered amendment #52, which stops banks that break the law &amp; agree to a consent order or deferred prosecution agreemenâ€¦"
835972178956828672,The South,,,"RT @SenWarren: Just offered amendment #52, which stops banks that break the law &amp; agree to a consent order or deferred prosecution agreemenâ€¦"
937561669903028226,"Lemoore, CA",,,"RT @SenWarren: Just offered amendment #52, which stops banks that break the law &amp; agree to a consent order or deferred prosecution agreemenâ€¦"
909219731634249728,"Missouri, USA",,,"RT @SenWarren: Just offered amendment #52, which stops banks that break the law &amp; agree to a consent order or deferred prosecution agreemenâ€¦"
824325277232857088,"Harrison, OH",,,"RT @SenWarren: Just offered amendment #52, which stops banks that break the law &amp; agree to a consent order or deferred prosecution agreemenâ€¦"
74432819,"Yorkville, Manhattan",Eastern Time (US & Canada),,"RT @SenWarren: Just offered amendment #52, which stops banks that break the law &amp; agree to a consent order or deferred prosecution agreemenâ€¦"
14419568,new england,Eastern Time (US & Canada),,"RT @SenWarren: Just offered amendment #52, which stops banks that break the law &amp; agree to a consent order or deferred prosecution agreemenâ€¦"
568811271,Pennsylvania,Atlantic Time (Canada),,"RT @SenWarren: Just offered amendment #52, which stops banks that break the law &amp; agree to a consent order or deferred prosecution agreemenâ€¦"
1520462522,,,,"RT @SenWarren: Just offered amendment #52, which stops banks that break the law &amp; agree to a consent order or deferred prosecution agreemenâ€¦"
27748536,Home ,Eastern Time (US & Canada),,"RT @SenWarren: Just offered amendment #52, which stops banks that break the law &amp; agree to a consent order or deferred prosecution agreemenâ€¦"
168725092,"Tacoma, WA",,,"RT @SenWarren: Just offered amendment #52, which stops banks that break the law &amp; agree to a consent order or deferred prosecution agreemenâ€¦"
1101708402,Micronesia,,,"RT @SenWarren: Amendment #49 to prohibit deregulated banks from merging with other banks for 5 years failed, 5-18. Six Democrats voted withâ€¦"
3316811522,"Tokyo and Nagoya, Japan",,,"RT @SenWarren: Amendment #49 to prohibit deregulated banks from merging with other banks for 5 years failed, 5-18. Six Democrats voted withâ€¦"
390379040,The Infinite Universe,Quito,,"RT @SenWarren: Amendment #49 to prohibit deregulated banks from merging with other banks for 5 years failed, 5-18. Six Democrats voted withâ€¦"
829650667002265600,"Hartford, CT",,,"RT @SenWarren: Amendment #49 to prohibit deregulated banks from merging with other banks for 5 years failed, 5-18. Six Democrats voted withâ€¦"
125154648,,,,"RT @SenWarren: Amendment #49 to prohibit deregulated banks from merging with other banks for 5 years failed, 5-18. Six Democrats voted withâ€¦"
28440399,,Central Time (US & Canada),,"RT @SenWarren: Amendment #49 to prohibit deregulated banks from merging with other banks for 5 years failed, 5-18. Six Democrats voted withâ€¦"
2677490070,Et Al,Pacific Time (US & Canada),,"RT @SenWarren: Amendment #49 to prohibit deregulated banks from merging with other banks for 5 years failed, 5-18. Six Democrats voted withâ€¦"
834657630,"Alabama, USA",,,"RT @SenWarren: Amendment #49 to prohibit deregulated banks from merging with other banks for 5 years failed, 5-18. Six Democrats voted withâ€¦"
2655203862,,Arizona,,"RT @SenWarren: Amendment #49 to prohibit deregulated banks from merging with other banks for 5 years failed, 5-18. Six Democrats voted withâ€¦"
746947886366195712,Belgium,Brussels,,"RT @SenWarren: Amendment #49 to prohibit deregulated banks from merging with other banks for 5 years failed, 5-18. Six Democrats voted withâ€¦"
536727476,"Laurel, MD",Eastern Time (US & Canada),,"RT @SenWarren: Amendment #49 to prohibit deregulated banks from merging with other banks for 5 years failed, 5-18. Six Democrats voted withâ€¦"
2817370566,,,,"RT @SenWarren: Amendment #49 to prohibit deregulated banks from merging with other banks for 5 years failed, 5-18. Six Democrats voted withâ€¦"
464572224,,,,"RT @SenWarren: Amendment #49 to prohibit deregulated banks from merging with other banks for 5 years failed, 5-18. Six Democrats voted withâ€¦"
890364981304217604,,,,"RT @SenWarren: Amendment #49 to prohibit deregulated banks from merging with other banks for 5 years failed, 5-18. Six Democrats voted withâ€¦"
16827408,Boston,Eastern Time (US & Canada),,"RT @SenWarren: Amendment #49 to prohibit deregulated banks from merging with other banks for 5 years failed, 5-18. Six Democrats voted withâ€¦"
789658889784549376,,Pacific Time (US & Canada),,"RT @SenWarren: Amendment #49 to prohibit deregulated banks from merging with other banks for 5 years failed, 5-18. Six Democrats voted withâ€¦"
2349656737,"Houston, TX",,,"RT @SenWarren: Amendment #49 to prohibit deregulated banks from merging with other banks for 5 years failed, 5-18. Six Democrats voted withâ€¦"
2842665668,not home,,,"RT @SenWarren: Amendment #47 to require bank execs to certify their banks arenâ€™t breaking the law failed, 7-16. Four Democrats voted with tâ€¦"
3316811522,"Tokyo and Nagoya, Japan",,,"RT @SenWarren: Amendment #47 to require bank execs to certify their banks arenâ€™t breaking the law failed, 7-16. Four Democrats voted with tâ€¦"
390379040,The Infinite Universe,Quito,,"RT @SenWarren: Amendment #47 to require bank execs to certify their banks arenâ€™t breaking the law failed, 7-16. Four Democrats voted with tâ€¦"
3103959619,,,,"RT @SenWarren: Amendment #47 to require bank execs to certify their banks arenâ€™t breaking the law failed, 7-16. Four Democrats voted with tâ€¦"
105027989,,Central Time (US & Canada),,"RT @SenWarren: Amendment #47 to require bank execs to certify their banks arenâ€™t breaking the law failed, 7-16. Four Democrats voted with tâ€¦"
2157061574,Planet #Earthship,,,"RT @SenWarren: Amendment #47 to require bank execs to certify their banks arenâ€™t breaking the law failed, 7-16. Four Democrats voted with tâ€¦"
2414810690,,,,"RT @SenWarren: Amendment #47 to require bank execs to certify their banks arenâ€™t breaking the law failed, 7-16. Four Democrats voted with tâ€¦"
924247031413133314,,,,"RT @SenWarren: Amendment #47 to require bank execs to certify their banks arenâ€™t breaking the law failed, 7-16. Four Democrats voted with tâ€¦"
3782799975,,Central Time (US & Canada),,"RT @SenWarren: Amendment #47 to require bank execs to certify their banks arenâ€™t breaking the law failed, 7-16. Four Democrats voted with tâ€¦"
125154648,,,,"RT @SenWarren: Amendment #47 to require bank execs to certify their banks arenâ€™t breaking the law failed, 7-16. Four Democrats voted with tâ€¦"
28440399,,Central Time (US & Canada),,"RT @SenWarren: Amendment #47 to require bank execs to certify their banks arenâ€™t breaking the law failed, 7-16. Four Democrats voted with tâ€¦"
2677490070,Et Al,Pacific Time (US & Canada),,"RT @SenWarren: Amendment #47 to require bank execs to certify their banks arenâ€™t breaking the law failed, 7-16. Four Democrats voted with tâ€¦"
96074097,florida,,,"RT @SenWarren: Amendment #47 to require bank execs to certify their banks arenâ€™t breaking the law failed, 7-16. Four Democrats voted with tâ€¦"
1563852824,Metropolis of Fern,,,"RT @SenWarren: Amendment #47 to require bank execs to certify their banks arenâ€™t breaking the law failed, 7-16. Four Democrats voted with tâ€¦"
834657630,"Alabama, USA",,,"RT @SenWarren: Amendment #47 to require bank execs to certify their banks arenâ€™t breaking the law failed, 7-16. Four Democrats voted with tâ€¦"
2655203862,,Arizona,,"RT @SenWarren: Amendment #47 to require bank execs to certify their banks arenâ€™t breaking the law failed, 7-16. Four Democrats voted with tâ€¦"
746947886366195712,Belgium,Brussels,,"RT @SenWarren: Amendment #47 to require bank execs to certify their banks arenâ€™t breaking the law failed, 7-16. Four Democrats voted with tâ€¦"
2151702667,,,,"RT @SenWarren: Amendment #47 to require bank execs to certify their banks arenâ€™t breaking the law failed, 7-16. Four Democrats voted with tâ€¦"
2817370566,,,,"RT @SenWarren: Amendment #47 to require bank execs to certify their banks arenâ€™t breaking the law failed, 7-16. Four Democrats voted with tâ€¦"
883769759950671874,,,,"RT @SenWarren: Amendment #47 to require bank execs to certify their banks arenâ€™t breaking the law failed, 7-16. Four Democrats voted with tâ€¦"
715075757421248512,,,,"RT @SenWarren: Just offered amendment #49, which prohibits any bank deregulated under the #BankLobbyistsAct from merging with another bankâ€¦"
20927634,,Eastern Time (US & Canada),,"RT @SenWarren: Just offered amendment #49, which prohibits any bank deregulated under the #BankLobbyistsAct from merging with another bankâ€¦"
18765238,Greater Boston area,Eastern Time (US & Canada),,"RT @SenWarren: Just offered amendment #49, which prohibits any bank deregulated under the #BankLobbyistsAct from merging with another bankâ€¦"
851631042242813954,"Loveland, CO",,,"RT @SenWarren: Just offered amendment #49, which prohibits any bank deregulated under the #BankLobbyistsAct from merging with another bankâ€¦"
925438757620236289,,,,"RT @SenWarren: Just offered amendment #49, which prohibits any bank deregulated under the #BankLobbyistsAct from merging with another bankâ€¦"
15020011,"Stanford, CA",Central Time (US & Canada),,"RT @SenWarren: Just offered amendment #49, which prohibits any bank deregulated under the #BankLobbyistsAct from merging with another bankâ€¦"
816476231118024704,USA,,,"RT @SenWarren: Just offered amendment #49, which prohibits any bank deregulated under the #BankLobbyistsAct from merging with another bankâ€¦"
716318519483191297,,,,"RT @SenWarren: Just offered amendment #49, which prohibits any bank deregulated under the #BankLobbyistsAct from merging with another bankâ€¦"
2358457956,Washington DC,,,"RT @SenWarren: Just offered amendment #49, which prohibits any bank deregulated under the #BankLobbyistsAct from merging with another bankâ€¦"
149608564,The Shadow Gallery,Alaska,,"RT @SenWarren: Just offered amendment #49, which prohibits any bank deregulated under the #BankLobbyistsAct from merging with another bankâ€¦"
3005833301,,,,"RT @SenWarren: Just offered amendment #49, which prohibits any bank deregulated under the #BankLobbyistsAct from merging with another bankâ€¦"
53188720,"Portland, oregon",Quito,,"RT @SenWarren: Just offered amendment #49, which prohibits any bank deregulated under the #BankLobbyistsAct from merging with another bankâ€¦"
936163592256348160,"Jasper, AL",,,"RT @SenWarren: Just offered amendment #49, which prohibits any bank deregulated under the #BankLobbyistsAct from merging with another bankâ€¦"
3316811522,"Tokyo and Nagoya, Japan",,,"RT @SenWarren: Just offered amendment #49, which prohibits any bank deregulated under the #BankLobbyistsAct from merging with another bankâ€¦"
808008331696730113,,,,"RT @SenWarren: Just offered amendment #49, which prohibits any bank deregulated under the #BankLobbyistsAct from merging with another bankâ€¦"
873084764097359874,,,,"RT @SenWarren: Just offered amendment #47, which requires big bank execs that want to be deregulated under the #BankLobbyistsAct to sign anâ€¦"
3538938917,,,,"RT @SenWarren: Just offered amendment #47, which requires big bank execs that want to be deregulated under the #BankLobbyistsAct to sign anâ€¦"
921193571608350720,,,,"RT @SenWarren: Just offered amendment #47, which requires big bank execs that want to be deregulated under the #BankLobbyistsAct to sign anâ€¦"
826052989932728320,"Greenfield, IN",,,"RT @SenWarren: Just offered amendment #47, which requires big bank execs that want to be deregulated under the #BankLobbyistsAct to sign anâ€¦"
531270432,,,,"RT @SenWarren: Just offered amendment #47, which requires big bank execs that want to be deregulated under the #BankLobbyistsAct to sign anâ€¦"
547125513,Georgia,,,"RT @SenWarren: Just offered amendment #47, which requires big bank execs that want to be deregulated under the #BankLobbyistsAct to sign anâ€¦"
16692391,Salem,Eastern Time (US & Canada),,"RT @SenWarren: Just offered amendment #47, which requires big bank execs that want to be deregulated under the #BankLobbyistsAct to sign anâ€¦"
778780213282955264,"Alameda, CA",,,"RT @SenWarren: Just offered amendment #47, which requires big bank execs that want to be deregulated under the #BankLobbyistsAct to sign anâ€¦"
295712521,,,,"RT @SenWarren: Just offered amendment #47, which requires big bank execs that want to be deregulated under the #BankLobbyistsAct to sign anâ€¦"
161455525,"San Francisco, CA",,,"RT @SenWarren: Just offered amendment #47, which requires big bank execs that want to be deregulated under the #BankLobbyistsAct to sign anâ€¦"
928991389,"Chatham, NJ",,,"RT @SenWarren: Just offered amendment #47, which requires big bank execs that want to be deregulated under the #BankLobbyistsAct to sign anâ€¦"
450174247,,Atlantic Time (Canada),,"RT @SenWarren: Just offered amendment #47, which requires big bank execs that want to be deregulated under the #BankLobbyistsAct to sign anâ€¦"
13290282,"Centennial, Colorado USA",Mountain Time (US & Canada),,"RT @SenWarren: Just offered amendment #47, which requires big bank execs that want to be deregulated under the #BankLobbyistsAct to sign anâ€¦"
24423884,,,,"RT @SenWarren: Just offered amendment #47, which requires big bank execs that want to be deregulated under the #BankLobbyistsAct to sign anâ€¦"
3590148275,,,,"RT @SenWarren: Just offered amendment #47, which requires big bank execs that want to be deregulated under the #BankLobbyistsAct to sign anâ€¦"
267064396,"Virginia, USA",,,"RT @SenWarren: Just offered amendment #47, which requires big bank execs that want to be deregulated under the #BankLobbyistsAct to sign anâ€¦"
1256778457,,,,"RT @SenWarren: Just offered amendment #47, which requires big bank execs that want to be deregulated under the #BankLobbyistsAct to sign anâ€¦"
178039772,,Central Time (US & Canada),,"RT @SenWarren: Just offered amendment #47, which requires big bank execs that want to be deregulated under the #BankLobbyistsAct to sign anâ€¦"
3316811522,"Tokyo and Nagoya, Japan",,,"RT @SenWarren: Amendment #44 to require public votes on million dollar settlements failed, 8-15. Four Democrats voted with the Republicansâ€¦"
390379040,The Infinite Universe,Quito,,"RT @SenWarren: Amendment #44 to require public votes on million dollar settlements failed, 8-15. Four Democrats voted with the Republicansâ€¦"
125154648,,,,"RT @SenWarren: Amendment #44 to require public votes on million dollar settlements failed, 8-15. Four Democrats voted with the Republicansâ€¦"
28440399,,Central Time (US & Canada),,"RT @SenWarren: Amendment #44 to require public votes on million dollar settlements failed, 8-15. Four Democrats voted with the Republicansâ€¦"
2677490070,Et Al,Pacific Time (US & Canada),,"RT @SenWarren: Amendment #44 to require public votes on million dollar settlements failed, 8-15. Four Democrats voted with the Republicansâ€¦"
95804736,Baltimore,Eastern Time (US & Canada),,"RT @SenWarren: Amendment #44 to require public votes on million dollar settlements failed, 8-15. Four Democrats voted with the Republicansâ€¦"
809011485368352769,United States,,,"RT @SenWarren: Amendment #44 to require public votes on million dollar settlements failed, 8-15. Four Democrats voted with the Republicansâ€¦"
4877208435,"Modesto, CA",,,"RT @SenWarren: Amendment #44 to require public votes on million dollar settlements failed, 8-15. Four Democrats voted with the Republicansâ€¦"
834657630,"Alabama, USA",,,"RT @SenWarren: Amendment #44 to require public votes on million dollar settlements failed, 8-15. Four Democrats voted with the Republicansâ€¦"
2655203862,,Arizona,,"RT @SenWarren: Amendment #44 to require public votes on million dollar settlements failed, 8-15. Four Democrats voted with the Republicansâ€¦"
746947886366195712,Belgium,Brussels,,"RT @SenWarren: Amendment #44 to require public votes on million dollar settlements failed, 8-15. Four Democrats voted with the Republicansâ€¦"
334505800,,Pacific Time (US & Canada),,"RT @SenWarren: Amendment #44 to require public votes on million dollar settlements failed, 8-15. Four Democrats voted with the Republicansâ€¦"
2817370566,,,,"RT @SenWarren: Amendment #44 to require public votes on million dollar settlements failed, 8-15. Four Democrats voted with the Republicansâ€¦"
2798846496,,,,"RT @SenWarren: Amendment #44 to require public votes on million dollar settlements failed, 8-15. Four Democrats voted with the Republicansâ€¦"
2309267190,USA,Pacific Time (US & Canada),,"RT @SenWarren: Amendment #44 to require public votes on million dollar settlements failed, 8-15. Four Democrats voted with the Republicansâ€¦"
22015611,swamps o'florida,Eastern Time (US & Canada),,"RT @SenWarren: Amendment #44 to require public votes on million dollar settlements failed, 8-15. Four Democrats voted with the Republicansâ€¦"
3096898915,Westport CT,,,"RT @SenWarren: Amendment #44 to require public votes on million dollar settlements failed, 8-15. Four Democrats voted with the Republicansâ€¦"
3179830332,"Columbus, OH",,,"RT @SenWarren: Amendment #44 to require public votes on million dollar settlements failed, 8-15. Four Democrats voted with the Republicansâ€¦"
3316811522,"Tokyo and Nagoya, Japan",,,"RT @SenWarren: Amendment #57 to expand the CARD Act failed, 7-16. Four Democrats voted with the Republicans against it. #BankLobbyistsAct"
880772292439154689,"Houston, TX",,,"RT @SenWarren: Amendment #57 to expand the CARD Act failed, 7-16. Four Democrats voted with the Republicans against it. #BankLobbyistsAct"
390379040,The Infinite Universe,Quito,,"RT @SenWarren: Amendment #57 to expand the CARD Act failed, 7-16. Four Democrats voted with the Republicans against it. #BankLobbyistsAct"
1391023790,Las Vegas,,,"RT @SenWarren: Amendment #57 to expand the CARD Act failed, 7-16. Four Democrats voted with the Republicans against it. #BankLobbyistsAct"
205935105,,Atlantic Time (Canada),,"RT @SenWarren: Amendment #57 to expand the CARD Act failed, 7-16. Four Democrats voted with the Republicans against it. #BankLobbyistsAct"
125154648,,,,"RT @SenWarren: Amendment #57 to expand the CARD Act failed, 7-16. Four Democrats voted with the Republicans against it. #BankLobbyistsAct"
28440399,,Central Time (US & Canada),,"RT @SenWarren: Amendment #57 to expand the CARD Act failed, 7-16. Four Democrats voted with the Republicans against it. #BankLobbyistsAct"
4877208435,"Modesto, CA",,,"RT @SenWarren: Amendment #57 to expand the CARD Act failed, 7-16. Four Democrats voted with the Republicans against it. #BankLobbyistsAct"
2655203862,,Arizona,,"RT @SenWarren: Amendment #57 to expand the CARD Act failed, 7-16. Four Democrats voted with the Republicans against it. #BankLobbyistsAct"
746947886366195712,Belgium,Brussels,,"RT @SenWarren: Amendment #57 to expand the CARD Act failed, 7-16. Four Democrats voted with the Republicans against it. #BankLobbyistsAct"
2856842455,"the country with no universal healthcare, a fascist lunatic in control and lots of guns",Pacific Time (US & Canada),,"RT @SenWarren: Amendment #57 to expand the CARD Act failed, 7-16. Four Democrats voted with the Republicans against it. #BankLobbyistsAct"
334505800,,Pacific Time (US & Canada),,"RT @SenWarren: Amendment #57 to expand the CARD Act failed, 7-16. Four Democrats voted with the Republicans against it. #BankLobbyistsAct"
2817370566,,,,"RT @SenWarren: Amendment #57 to expand the CARD Act failed, 7-16. Four Democrats voted with the Republicans against it. #BankLobbyistsAct"
2309267190,USA,Pacific Time (US & Canada),,"RT @SenWarren: Amendment #57 to expand the CARD Act failed, 7-16. Four Democrats voted with the Republicans against it. #BankLobbyistsAct"
22015611,swamps o'florida,Eastern Time (US & Canada),,"RT @SenWarren: Amendment #57 to expand the CARD Act failed, 7-16. Four Democrats voted with the Republicans against it. #BankLobbyistsAct"
3096898915,Westport CT,,,"RT @SenWarren: Amendment #57 to expand the CARD Act failed, 7-16. Four Democrats voted with the Republicans against it. #BankLobbyistsAct"
3179830332,"Columbus, OH",,,"RT @SenWarren: Amendment #57 to expand the CARD Act failed, 7-16. Four Democrats voted with the Republicans against it. #BankLobbyistsAct"
547122585,,,,"RT @SenWarren: Amendment #57 to expand the CARD Act failed, 7-16. Four Democrats voted with the Republicans against it. #BankLobbyistsAct"
3316811522,"Tokyo and Nagoya, Japan",,,"RT @SenWarren: Sorry everyone, the @SenateBanking Committee livestream cut out. Tune in here: https://t.co/rBG3zFvmPZ #BankLobbyistsAct"
247283596,,,,"RT @SenWarren: Sorry everyone, the @SenateBanking Committee livestream cut out. Tune in here: https://t.co/rBG3zFvmPZ #BankLobbyistsAct"
125154648,,,,"RT @SenWarren: Sorry everyone, the @SenateBanking Committee livestream cut out. Tune in here: https://t.co/rBG3zFvmPZ #BankLobbyistsAct"
2309267190,USA,Pacific Time (US & Canada),,"RT @SenWarren: Sorry everyone, the @SenateBanking Committee livestream cut out. Tune in here: https://t.co/rBG3zFvmPZ #BankLobbyistsAct"
823884696862003200,,,,"RT @SenWarren: Sorry everyone, the @SenateBanking Committee livestream cut out. Tune in here: https://t.co/rBG3zFvmPZ #BankLobbyistsAct"
930964766,CALIFORNIA (CA VOTED 4 HILLARY!),,,"RT @SenWarren: Sorry everyone, the @SenateBanking Committee livestream cut out. Tune in here: https://t.co/rBG3zFvmPZ #BankLobbyistsAct"
582258100,"(Roslindale) Boston, MA ",Eastern Time (US & Canada),,"RT @SenWarren: Sorry everyone, the @SenateBanking Committee livestream cut out. Tune in here: https://t.co/rBG3zFvmPZ #BankLobbyistsAct"
900880837, Earthâ€¦,,,"RT @SenWarren: Sorry everyone, the @SenateBanking Committee livestream cut out. Tune in here: https://t.co/rBG3zFvmPZ #BankLobbyistsAct"
2829274999,"Mission Viejo, CA",,,"RT @SenWarren: Sorry everyone, the @SenateBanking Committee livestream cut out. Tune in here: https://t.co/rBG3zFvmPZ #BankLobbyistsAct"
24069742,Abingdon,Eastern Time (US & Canada),,"RT @SenWarren: Sorry everyone, the @SenateBanking Committee livestream cut out. Tune in here: https://t.co/rBG3zFvmPZ #BankLobbyistsAct"
727342107615203328,"Fremont, CA",Pacific Time (US & Canada),,"RT @SenWarren: Sorry everyone, the @SenateBanking Committee livestream cut out. Tune in here: https://t.co/rBG3zFvmPZ #BankLobbyistsAct"
820382422734807041,Arctic Nat'l Wildlife Refuge,,,"RT @SenWarren: Sorry everyone, the @SenateBanking Committee livestream cut out. Tune in here: https://t.co/rBG3zFvmPZ #BankLobbyistsAct"
865361749670625281,,,,"RT @SenWarren: Sorry everyone, the @SenateBanking Committee livestream cut out. Tune in here: https://t.co/rBG3zFvmPZ #BankLobbyistsAct"
209840234,,Hawaii,,"RT @SenWarren: Sorry everyone, the @SenateBanking Committee livestream cut out. Tune in here: https://t.co/rBG3zFvmPZ #BankLobbyistsAct"
2798026636,,,,"RT @SenWarren: Sorry everyone, the @SenateBanking Committee livestream cut out. Tune in here: https://t.co/rBG3zFvmPZ #BankLobbyistsAct"
3060125723,"Space, the Final Frontier",Central Time (US & Canada),,"RT @SenWarren: Sorry everyone, the @SenateBanking Committee livestream cut out. Tune in here: https://t.co/rBG3zFvmPZ #BankLobbyistsAct"
828182168224403456,,,,"RT @SenWarren: Sorry everyone, the @SenateBanking Committee livestream cut out. Tune in here: https://t.co/rBG3zFvmPZ #BankLobbyistsAct"
3922239921,New Jersey ,,,"RT @SenWarren: Sorry everyone, the @SenateBanking Committee livestream cut out. Tune in here: https://t.co/rBG3zFvmPZ #BankLobbyistsAct"
1409491790,In a blue state of mind,Pacific Time (US & Canada),,"RT @SenWarren: Sorry everyone, the @SenateBanking Committee livestream cut out. Tune in here: https://t.co/rBG3zFvmPZ #BankLobbyistsAct"
130174620,"PO,OR",America/Los_Angeles,,"RT @SenWarren: Sorry everyone, the @SenateBanking Committee livestream cut out. Tune in here: https://t.co/rBG3zFvmPZ #BankLobbyistsAct"
2691515335,Our Nations Capital,Eastern Time (US & Canada),,"RT @SenWarren: Just offered amendment #44, which adds the text of my bipartisan Fed Accountability Act. It requires public votes on settlemâ€¦"
3316811522,"Tokyo and Nagoya, Japan",,,"RT @SenWarren: Just offered amendment #44, which adds the text of my bipartisan Fed Accountability Act. It requires public votes on settlemâ€¦"
926552463750164485,"Massachusetts, USA",,,"RT @SenWarren: Just offered amendment #44, which adds the text of my bipartisan Fed Accountability Act. It requires public votes on settlemâ€¦"
230336486,NYC | Chi,Eastern Time (US & Canada),,"RT @SenWarren: Just offered amendment #44, which adds the text of my bipartisan Fed Accountability Act. It requires public votes on settlemâ€¦"
889711770427850752,,,,"RT @SenWarren: Just offered amendment #44, which adds the text of my bipartisan Fed Accountability Act. It requires public votes on settlemâ€¦"
125154648,,,,"RT @SenWarren: Just offered amendment #44, which adds the text of my bipartisan Fed Accountability Act. It requires public votes on settlemâ€¦"
1969927374,,,,"RT @SenWarren: Just offered amendment #44, which adds the text of my bipartisan Fed Accountability Act. It requires public votes on settlemâ€¦"
28440399,,Central Time (US & Canada),,"RT @SenWarren: Just offered amendment #44, which adds the text of my bipartisan Fed Accountability Act. It requires public votes on settlemâ€¦"
4877208435,"Modesto, CA",,,"RT @SenWarren: Just offered amendment #44, which adds the text of my bipartisan Fed Accountability Act. It requires public votes on settlemâ€¦"
2655203862,,Arizona,,"RT @SenWarren: Just offered amendment #44, which adds the text of my bipartisan Fed Accountability Act. It requires public votes on settlemâ€¦"
334505800,,Pacific Time (US & Canada),,"RT @SenWarren: Just offered amendment #44, which adds the text of my bipartisan Fed Accountability Act. It requires public votes on settlemâ€¦"
2817370566,,,,"RT @SenWarren: Just offered amendment #44, which adds the text of my bipartisan Fed Accountability Act. It requires public votes on settlemâ€¦"
2309267190,USA,Pacific Time (US & Canada),,"RT @SenWarren: Just offered amendment #44, which adds the text of my bipartisan Fed Accountability Act. It requires public votes on settlemâ€¦"
807395204856561664,,,,"RT @SenWarren: Just offered amendment #44, which adds the text of my bipartisan Fed Accountability Act. It requires public votes on settlemâ€¦"
418041809,"VitÃ³ria, Brazil",,,"RT @SenWarren: Just offered amendment #44, which adds the text of my bipartisan Fed Accountability Act. It requires public votes on settlemâ€¦"
720439219894763520,,,,"RT @SenWarren: Just offered amendment #44, which adds the text of my bipartisan Fed Accountability Act. It requires public votes on settlemâ€¦"
965432347,,Eastern Time (US & Canada),,"RT @SenWarren: Just offered amendment #44, which adds the text of my bipartisan Fed Accountability Act. It requires public votes on settlemâ€¦"
1590072979,"Dallas, TX",,,"RT @SenWarren: Just offered amendment #44, which adds the text of my bipartisan Fed Accountability Act. It requires public votes on settlemâ€¦"
900148257078341633,,,,"RT @SenWarren: Just offered amendment #57, which expands the CARD Act protections for college students. Banks &amp; credit card companies wouldâ€¦"
3318692972,"Tokyo, Japan",,,"RT @SenWarren: Just offered amendment #57, which expands the CARD Act protections for college students. Banks &amp; credit card companies wouldâ€¦"
809579550468411392,,,,"RT @SenWarren: Just offered amendment #57, which expands the CARD Act protections for college students. Banks &amp; credit card companies wouldâ€¦"
1623131262,United States,,,"RT @SenWarren: Just offered amendment #57, which expands the CARD Act protections for college students. Banks &amp; credit card companies wouldâ€¦"
2691515335,Our Nations Capital,Eastern Time (US & Canada),,"RT @SenWarren: Just offered amendment #57, which expands the CARD Act protections for college students. Banks &amp; credit card companies wouldâ€¦"
873568920338345985,"New Jersey, USA",,,"RT @SenWarren: Just offered amendment #57, which expands the CARD Act protections for college students. Banks &amp; credit card companies wouldâ€¦"
1942337892,United States,,,"RT @SenWarren: Just offered amendment #57, which expands the CARD Act protections for college students. Banks &amp; credit card companies wouldâ€¦"
934302350357028871,,,,"RT @SenWarren: Just offered amendment #57, which expands the CARD Act protections for college students. Banks &amp; credit card companies wouldâ€¦"
3316811522,"Tokyo and Nagoya, Japan",,,"RT @SenWarren: Just offered amendment #57, which expands the CARD Act protections for college students. Banks &amp; credit card companies wouldâ€¦"
17140008,,,,"RT @SenWarren: Just offered amendment #57, which expands the CARD Act protections for college students. Banks &amp; credit card companies wouldâ€¦"
926864329684774912,,,,"RT @SenWarren: Just offered amendment #57, which expands the CARD Act protections for college students. Banks &amp; credit card companies wouldâ€¦"
933627491931054080,"Manchester, England",Pacific Time (US & Canada),,"RT @SenWarren: Just offered amendment #57, which expands the CARD Act protections for college students. Banks &amp; credit card companies wouldâ€¦"
62708632,Nueva York/Boston,Quito,,"RT @SenWarren: Just offered amendment #57, which expands the CARD Act protections for college students. Banks &amp; credit card companies wouldâ€¦"
93253551,"Willamette Valley, Oregon",Pacific Time (US & Canada),,"RT @SenWarren: Just offered amendment #57, which expands the CARD Act protections for college students. Banks &amp; credit card companies wouldâ€¦"
880772292439154689,"Houston, TX",,,"RT @SenWarren: Just offered amendment #57, which expands the CARD Act protections for college students. Banks &amp; credit card companies wouldâ€¦"
719316718259212288,,,,"RT @SenWarren: Just offered amendment #57, which expands the CARD Act protections for college students. Banks &amp; credit card companies wouldâ€¦"
318899230,"illadelphia, pistolvania",Pacific Time (US & Canada),,"RT @SenWarren: Just offered amendment #57, which expands the CARD Act protections for college students. Banks &amp; credit card companies wouldâ€¦"
382381310,cary nc,,,"RT @SenWarren: Just offered amendment #57, which expands the CARD Act protections for college students. Banks &amp; credit card companies wouldâ€¦"
814582854470565888,"BoquerÃ³n, Puerto Rico",,,"RT @SenWarren: Amendment #56 to reform student loan servicing failed, 7-16. Four Democrats voted with the Republicans against it. #BankLobbâ€¦"
878441680814264320,"Georgia, USA",Eastern Time (US & Canada),,"RT @SenWarren: Amendment #56 to reform student loan servicing failed, 7-16. Four Democrats voted with the Republicans against it. #BankLobbâ€¦"
46753312,"West Hollywood, CA",America/Denver,,"RT @SenWarren: Amendment #56 to reform student loan servicing failed, 7-16. Four Democrats voted with the Republicans against it. #BankLobbâ€¦"
877196921890275330,"Mississippi, USA",Pacific Time (US & Canada),,"RT @SenWarren: Amendment #56 to reform student loan servicing failed, 7-16. Four Democrats voted with the Republicans against it. #BankLobbâ€¦"
3316811522,"Tokyo and Nagoya, Japan",,,"RT @SenWarren: Amendment #56 to reform student loan servicing failed, 7-16. Four Democrats voted with the Republicans against it. #BankLobbâ€¦"
781926585213546496,,,,"RT @SenWarren: Amendment #56 to reform student loan servicing failed, 7-16. Four Democrats voted with the Republicans against it. #BankLobbâ€¦"
390379040,The Infinite Universe,Quito,,"RT @SenWarren: Amendment #56 to reform student loan servicing failed, 7-16. Four Democrats voted with the Republicans against it. #BankLobbâ€¦"
58069798,,Eastern Time (US & Canada),,"RT @SenWarren: Amendment #56 to reform student loan servicing failed, 7-16. Four Democrats voted with the Republicans against it. #BankLobbâ€¦"
2414810690,,,,"RT @SenWarren: Amendment #56 to reform student loan servicing failed, 7-16. Four Democrats voted with the Republicans against it. #BankLobbâ€¦"
296865491,"Baltimore, MD",Eastern Time (US & Canada),,"RT @SenWarren: Amendment #56 to reform student loan servicing failed, 7-16. Four Democrats voted with the Republicans against it. #BankLobbâ€¦"
828386594705068034,,,,"RT @SenWarren: Amendment #56 to reform student loan servicing failed, 7-16. Four Democrats voted with the Republicans against it. #BankLobbâ€¦"
322234897,"Arkansas, USA",Central Time (US & Canada),,"RT @SenWarren: Amendment #56 to reform student loan servicing failed, 7-16. Four Democrats voted with the Republicans against it. #BankLobbâ€¦"
907105984031494144,"Boulder, CO",,,"RT @SenWarren: Amendment #56 to reform student loan servicing failed, 7-16. Four Democrats voted with the Republicans against it. #BankLobbâ€¦"
28787718,"Winter Park & Orlando, FL",Quito,,"RT @SenWarren: Amendment #56 to reform student loan servicing failed, 7-16. Four Democrats voted with the Republicans against it. #BankLobbâ€¦"
125154648,,,,"RT @SenWarren: Amendment #56 to reform student loan servicing failed, 7-16. Four Democrats voted with the Republicans against it. #BankLobbâ€¦"
380189237,Colorful Culver City CA,,,"RT @SenWarren: Amendment #56 to reform student loan servicing failed, 7-16. Four Democrats voted with the Republicans against it. #BankLobbâ€¦"
721192488556363776,"Phoenix, AZ",,,"RT @SenWarren: Amendment #56 to reform student loan servicing failed, 7-16. Four Democrats voted with the Republicans against it. #BankLobbâ€¦"
28440399,,Central Time (US & Canada),,"RT @SenWarren: Amendment #56 to reform student loan servicing failed, 7-16. Four Democrats voted with the Republicans against it. #BankLobbâ€¦"
979516284,"Prince George's County, MD",,,"RT @SenWarren: Amendment #56 to reform student loan servicing failed, 7-16. Four Democrats voted with the Republicans against it. #BankLobbâ€¦"
15247744,"Holliston, MA",Quito,,"RT @SenWarren: Amendment #56 to reform student loan servicing failed, 7-16. Four Democrats voted with the Republicans against it. #BankLobbâ€¦"
44052590,Geneva,,,"RT @SenWarren: Just offered amendment #56, which reforms student loan servicing with basic consumer protections. It also gives student borrâ€¦"
3948013875,,,,"RT @SenWarren: Just offered amendment #56, which reforms student loan servicing with basic consumer protections. It also gives student borrâ€¦"
26442873,Seattle area,Arizona,,"RT @SenWarren: Just offered amendment #56, which reforms student loan servicing with basic consumer protections. It also gives student borrâ€¦"
828348560324313091,,,,"RT @SenWarren: Just offered amendment #56, which reforms student loan servicing with basic consumer protections. It also gives student borrâ€¦"
285826256,,Pacific Time (US & Canada),,"RT @SenWarren: Just offered amendment #56, which reforms student loan servicing with basic consumer protections. It also gives student borrâ€¦"
729101756257292288,yay area,,,"RT @SenWarren: Just offered amendment #56, which reforms student loan servicing with basic consumer protections. It also gives student borrâ€¦"
78469193,Somewhere Sitting Pretty,America/New_York,,"RT @SenWarren: Just offered amendment #56, which reforms student loan servicing with basic consumer protections. It also gives student borrâ€¦"
729798038,"Orlando, FL",Atlantic Time (Canada),,"RT @SenWarren: Just offered amendment #56, which reforms student loan servicing with basic consumer protections. It also gives student borrâ€¦"
929335707155533825,,,,"RT @SenWarren: Just offered amendment #56, which reforms student loan servicing with basic consumer protections. It also gives student borrâ€¦"
398470260,"Houston, TX",Mountain Time (US & Canada),,"RT @SenWarren: Just offered amendment #56, which reforms student loan servicing with basic consumer protections. It also gives student borrâ€¦"
150446147,"Los Altos, CA",Pacific Time (US & Canada),,"RT @SenWarren: Just offered amendment #56, which reforms student loan servicing with basic consumer protections. It also gives student borrâ€¦"
28296646,NYC - TRI-STATE AREAS,Eastern Time (US & Canada),,"RT @SenWarren: Just offered amendment #56, which reforms student loan servicing with basic consumer protections. It also gives student borrâ€¦"
4186500193,"Spokane, WA",,,"RT @SenWarren: Just offered amendment #56, which reforms student loan servicing with basic consumer protections. It also gives student borrâ€¦"
37556637,"Bad Wildbad, Deutschland",Central Time (US & Canada),,"RT @SenWarren: Just offered amendment #56, which reforms student loan servicing with basic consumer protections. It also gives student borrâ€¦"
54802060,,,,"RT @SenWarren: Just offered amendment #56, which reforms student loan servicing with basic consumer protections. It also gives student borrâ€¦"
898696821043867648,,,,"RT @SenWarren: Just offered amendment #56, which reforms student loan servicing with basic consumer protections. It also gives student borrâ€¦"
790231356374601728,"California, USA",,,"RT @SenWarren: Just offered amendment #56, which reforms student loan servicing with basic consumer protections. It also gives student borrâ€¦"
883098165573861376,"Dallas, TX",,,"RT @SenWarren: Just offered amendment #56, which reforms student loan servicing with basic consumer protections. It also gives student borrâ€¦"
712590698,,,,"RT @SenWarren: Just offered amendment #56, which reforms student loan servicing with basic consumer protections. It also gives student borrâ€¦"
3316811522,"Tokyo and Nagoya, Japan",,,"RT @SenWarren: Weâ€™re back live in the @SenateBanking Committee, where the GOP â€“ and some Democrats â€“ have worked out a deal behind closed dâ€¦"
3268063914,,,,"RT @SenWarren: Weâ€™re back live in the @SenateBanking Committee, where the GOP â€“ and some Democrats â€“ have worked out a deal behind closed dâ€¦"
4790939901,,,,"RT @SenWarren: Weâ€™re back live in the @SenateBanking Committee, where the GOP â€“ and some Democrats â€“ have worked out a deal behind closed dâ€¦"
934097990574276608,"Panama City, FL",,,"RT @SenWarren: Weâ€™re back live in the @SenateBanking Committee, where the GOP â€“ and some Democrats â€“ have worked out a deal behind closed dâ€¦"
56487487,portland oregon usa,,,"RT @SenWarren: Weâ€™re back live in the @SenateBanking Committee, where the GOP â€“ and some Democrats â€“ have worked out a deal behind closed dâ€¦"
3306553484,"Webster Groves, MO",,,"RT @SenWarren: Weâ€™re back live in the @SenateBanking Committee, where the GOP â€“ and some Democrats â€“ have worked out a deal behind closed dâ€¦"
44828700,United States,Pacific Time (US & Canada),,"RT @SenWarren: Weâ€™re back live in the @SenateBanking Committee, where the GOP â€“ and some Democrats â€“ have worked out a deal behind closed dâ€¦"
28440399,,Central Time (US & Canada),,"RT @SenWarren: Weâ€™re back live in the @SenateBanking Committee, where the GOP â€“ and some Democrats â€“ have worked out a deal behind closed dâ€¦"
979516284,"Prince George's County, MD",,,"RT @SenWarren: Weâ€™re back live in the @SenateBanking Committee, where the GOP â€“ and some Democrats â€“ have worked out a deal behind closed dâ€¦"
847897802483040258,,,,"RT @SenWarren: Weâ€™re back live in the @SenateBanking Committee, where the GOP â€“ and some Democrats â€“ have worked out a deal behind closed dâ€¦"
956803508,Cali,Pacific Time (US & Canada),,"RT @SenWarren: Weâ€™re back live in the @SenateBanking Committee, where the GOP â€“ and some Democrats â€“ have worked out a deal behind closed dâ€¦"
4348165032,North Carolina,,,"RT @SenWarren: Weâ€™re back live in the @SenateBanking Committee, where the GOP â€“ and some Democrats â€“ have worked out a deal behind closed dâ€¦"
2655203862,,Arizona,,"RT @SenWarren: Weâ€™re back live in the @SenateBanking Committee, where the GOP â€“ and some Democrats â€“ have worked out a deal behind closed dâ€¦"
757689299353505792,,,,"RT @SenWarren: Weâ€™re back live in the @SenateBanking Committee, where the GOP â€“ and some Democrats â€“ have worked out a deal behind closed dâ€¦"
2817370566,,,,"RT @SenWarren: Weâ€™re back live in the @SenateBanking Committee, where the GOP â€“ and some Democrats â€“ have worked out a deal behind closed dâ€¦"
21153434,"Napa, California",Pacific Time (US & Canada),,"RT @SenWarren: Weâ€™re back live in the @SenateBanking Committee, where the GOP â€“ and some Democrats â€“ have worked out a deal behind closed dâ€¦"
823351367443980289,,,,"RT @SenWarren: Weâ€™re back live in the @SenateBanking Committee, where the GOP â€“ and some Democrats â€“ have worked out a deal behind closed dâ€¦"
24069742,Abingdon,Eastern Time (US & Canada),,"RT @SenWarren: Weâ€™re back live in the @SenateBanking Committee, where the GOP â€“ and some Democrats â€“ have worked out a deal behind closed dâ€¦"
142519966,"Pittsburgh, PA",,,"RT @SenWarren: Weâ€™re back live in the @SenateBanking Committee, where the GOP â€“ and some Democrats â€“ have worked out a deal behind closed dâ€¦"
824824220727271425,,,,"RT @SenWarren: Weâ€™re back live in the @SenateBanking Committee, where the GOP â€“ and some Democrats â€“ have worked out a deal behind closed dâ€¦"
